{
    "boot": [
        {
            "type": "image",
            "key": "loading",
            "url": "assets/images/loading.png",
            "overwrite": false
        },
        {
            "type": "script",
            "key": "preload-js",
            "url": "js/Preload.js"
        }
    ],
    "preload": [
        {
            "type": "script",
            "key": "level-js",
            "url": "js/Level.js"
        },
        {
            "type": "image",
            "key": "sky",
            "url": "assets/images/sky.png",
            "overwrite": false
        },
        {
            "type": "image",
            "key": "ground",
            "url": "assets/images/platform.png",
            "overwrite": false
        },
        {
            "type": "image",
            "key": "star",
            "url": "assets/images/star.png",
            "overwrite": false
        },
        {
            "type": "spritesheet",
            "key": "dude",
            "url": "assets/images/dude.png",
            "frameWidth": 32,
            "frameHeight": 48,
            "frameMax": 10,
            "margin": 0,
            "spacing": 0
        }
    ],
    "meta": {
        "generated": "1481507912022",
        "app": "Phaser Editor",
        "url": "http://phasereditor.boniatillo.com",
        "version": "1.0",
        "copyright": "Arian Fornaris (c) 2015,2016"
    }
}